<?xml version="1.0" encoding="UTF-8"?>
<con:soapui-project id="4ce0aa04-7dd2-40a4-8ec9-daa30b3399bb" activeEnvironment="Default" name="REST Project 4" resourceRoot="${projectDir}" soapui-version="5.6.0" abortOnError="false" runType="SEQUENTIAL" xmlns:con="http://eviware.com/soapui/config"><con:settings/><con:interface xsi:type="con:RestService" id="d1221aba-5dc5-4656-91d5-c0ab962cbadc" wadlVersion="http://wadl.dev.java.net/2009/02" name="http://localhost:7800" type="rest" xmlns:xsi="http://www.w3.org/2001/XMLSchema-instance"><con:settings/><con:definitionCache type="TEXT" rootPart=""/><con:endpoints><con:endpoint>http://localhost:7800</con:endpoint></con:endpoints><con:resource name="Ifelse" path="/ifelse" id="5a9eab78-1324-4196-bf8b-8e15a729756c"><con:settings/><con:parameters/><con:method name="Ifelse 1" id="24932c99-16be-41ae-820f-b3b557b85246" method="POST"><con:settings/><con:parameters/><con:representation type="REQUEST"><con:mediaType>application/json</con:mediaType><con:params/></con:representation><con:representation type="FAULT"><con:mediaType xsi:nil="true"/><con:status>404</con:status><con:params/><con:element>data</con:element></con:representation><con:representation type="RESPONSE"><con:mediaType>application/json; charset=utf-8</con:mediaType><con:status>200</con:status><con:params/><con:element xmlns:ifel="http://localhost/ifelse">ifel:Response</con:element></con:representation><con:request name="Request 1" id="50142521-9004-4f1c-8a40-edea92fbd6df" mediaType="application/json" postQueryString="false"><con:settings><con:setting id="com.eviware.soapui.impl.wsdl.WsdlRequest@request-headers">&lt;xml-fragment/></con:setting></con:settings><con:endpoint>http://localhost:7800</con:endpoint><con:request>{
	"request":{
		"name":"HARISH"
	}
}
</con:request><con:originalUri>http://localhost/ifelse</con:originalUri><con:credentials><con:authType>No Authorization</con:authType></con:credentials><con:jmsConfig JMSDeliveryMode="PERSISTENT"/><con:jmsPropertyConfig/><con:parameters/></con:request></con:method></con:resource><con:resource name="ifelsethenelseif" path="/ifelsethenelseif" id="5cae808f-581f-400a-9fd1-0485458c2f5d"><con:settings/><con:parameters/><con:method name="Method 1" id="ca7f380c-a22b-4378-be1d-9a870e40ea86" method="POST"><con:settings/><con:parameters/><con:representation type="REQUEST"><con:mediaType>application/json</con:mediaType><con:params/></con:representation><con:representation type="RESPONSE"><con:mediaType>application/json; charset=utf-8</con:mediaType><con:status>200</con:status><con:params/><con:element xmlns:ifel="http://localhost/ifelsethenelseif">ifel:Response</con:element></con:representation><con:request name="Request 1" id="defe0ad4-730d-42fd-9855-b6f03a8e3003" mediaType="application/json" postQueryString="false"><con:settings><con:setting id="com.eviware.soapui.impl.wsdl.WsdlRequest@request-headers">&lt;xml-fragment/></con:setting></con:settings><con:endpoint>http://localhost:7800</con:endpoint><con:request>{
	"request":{
		"name":"RAM"
	}
}
</con:request><con:originalUri>http://localhost/ifelsethenelseif</con:originalUri><con:credentials><con:authType>No Authorization</con:authType></con:credentials><con:jmsConfig JMSDeliveryMode="PERSISTENT"/><con:jmsPropertyConfig/><con:parameters/></con:request></con:method></con:resource><con:resource name="ifcondition1" path="/ifcondition1" id="573ccb52-9162-457f-8c48-3926a53d9ee8"><con:settings/><con:parameters/><con:method name="Method 1" id="430b6203-25fd-4812-a620-39e32ac79910" method="POST"><con:settings/><con:parameters/><con:representation type="REQUEST"><con:mediaType>application/xml</con:mediaType><con:params/><con:element>request</con:element></con:representation><con:representation type="FAULT"><con:mediaType xsi:nil="true"/><con:status>404</con:status><con:params/><con:element>data</con:element></con:representation><con:representation type="RESPONSE"><con:mediaType>text/xml; charset=utf-8</con:mediaType><con:status>200</con:status><con:params/><con:element>response</con:element></con:representation><con:request name="Request 1" id="00676d72-3510-4c36-8358-0d1948d480a9" mediaType="application/xml" postQueryString="false"><con:settings><con:setting id="com.eviware.soapui.impl.wsdl.WsdlRequest@request-headers">&lt;xml-fragment/></con:setting></con:settings><con:endpoint>http://localhost:7800</con:endpoint><con:request>&lt;request>
&lt;name>ANIL&lt;/name>
&lt;/request></con:request><con:originalUri>http://localhost/ifcondition1</con:originalUri><con:credentials><con:authType>No Authorization</con:authType></con:credentials><con:jmsConfig JMSDeliveryMode="PERSISTENT"/><con:jmsPropertyConfig/><con:parameters/></con:request></con:method></con:resource><con:resource name="ifconditionxml2" path="/ifconditionxml2" id="8260e7cf-d7ed-4a73-8e86-42bf752bf4bb"><con:settings/><con:parameters/><con:method name="Method 1" id="7b85a9a9-5be0-457d-bb28-a581af35d885" method="POST"><con:settings/><con:parameters/><con:representation type="REQUEST"><con:mediaType>application/xml</con:mediaType><con:params/><con:element>request</con:element></con:representation><con:representation type="FAULT"><con:mediaType xsi:nil="true"/><con:status>404</con:status><con:params/><con:element>data</con:element></con:representation><con:representation type="RESPONSE"><con:mediaType>text/xml; charset=utf-8</con:mediaType><con:status>200</con:status><con:params/><con:element>response</con:element></con:representation><con:request name="Request 1" id="c69d7722-ae65-4af8-83f1-93e538f3cbd7" mediaType="application/xml" postQueryString="false"><con:settings><con:setting id="com.eviware.soapui.impl.wsdl.WsdlRequest@request-headers">&lt;xml-fragment/></con:setting></con:settings><con:endpoint>http://localhost:7800</con:endpoint><con:request>&lt;request>
&lt;name>fg&lt;/name>
&lt;/request></con:request><con:originalUri>http://localhost/ifconditionxml2</con:originalUri><con:credentials><con:authType>No Authorization</con:authType></con:credentials><con:jmsConfig JMSDeliveryMode="PERSISTENT"/><con:jmsPropertyConfig/><con:parameters/></con:request></con:method></con:resource><con:resource name="DataTypes" path="/DataTypes1" id="a2d59310-7a19-4664-a107-c5a75a538601"><con:settings/><con:parameters/><con:method name="Method 1" id="32156ec3-41c4-4ccb-a058-15eebb788480" method="GET"><con:settings/><con:parameters/><con:representation type="FAULT"><con:mediaType xsi:nil="true"/><con:status>405</con:status><con:params/><con:element>data</con:element></con:representation><con:representation type="FAULT"><con:mediaType xsi:nil="true"/><con:status>405</con:status><con:params/><con:element>data</con:element></con:representation><con:representation type="FAULT"><con:mediaType xsi:nil="true"/><con:status>405</con:status><con:params/><con:element>data</con:element></con:representation><con:representation type="FAULT"><con:mediaType xsi:nil="true"/><con:status>405</con:status><con:params/><con:element>data</con:element></con:representation><con:representation type="FAULT"><con:mediaType xsi:nil="true"/><con:status>405</con:status><con:params/><con:element>data</con:element></con:representation><con:representation type="FAULT"><con:mediaType xsi:nil="true"/><con:status>405</con:status><con:params/><con:element>data</con:element></con:representation><con:representation type="FAULT"><con:mediaType xsi:nil="true"/><con:status>405</con:status><con:params/><con:element>data</con:element></con:representation><con:representation type="REQUEST"><con:mediaType>application/json</con:mediaType><con:params/></con:representation><con:representation type="FAULT"><con:mediaType xsi:nil="true"/><con:status>404</con:status><con:params/><con:element>data</con:element></con:representation><con:representation type="FAULT"><con:mediaType xsi:nil="true"/><con:status>404</con:status><con:params/><con:element>data</con:element></con:representation><con:representation type="FAULT"><con:mediaType xsi:nil="true"/><con:status>404</con:status><con:params/><con:element>data</con:element></con:representation><con:representation type="FAULT"><con:mediaType xsi:nil="true"/><con:status>404</con:status><con:params/><con:element>data</con:element></con:representation><con:representation type="FAULT"><con:mediaType xsi:nil="true"/><con:status>404</con:status><con:params/><con:element>data</con:element></con:representation><con:representation type="FAULT"><con:mediaType xsi:nil="true"/><con:status>404</con:status><con:params/><con:element>data</con:element></con:representation><con:representation type="FAULT"><con:mediaType xsi:nil="true"/><con:status>404</con:status><con:params/><con:element>data</con:element></con:representation><con:representation type="RESPONSE"><con:mediaType xsi:nil="true"/><con:status>0</con:status><con:params/><con:element>data</con:element></con:representation><con:representation type="FAULT"><con:mediaType xsi:nil="true"/><con:status>404</con:status><con:params/><con:element>data</con:element></con:representation><con:representation type="FAULT"><con:mediaType xsi:nil="true"/><con:status>405</con:status><con:params/><con:element>data</con:element></con:representation><con:representation type="RESPONSE"><con:mediaType>application/json; charset=utf-8</con:mediaType><con:status>200</con:status><con:params/><con:element xmlns:dat="http://localhost/DataTypes">dat:Response</con:element></con:representation><con:representation type="RESPONSE"><con:mediaType xsi:nil="true"/><con:status>0</con:status><con:params/><con:element>data</con:element></con:representation><con:request name="Request 1" id="9d4c739f-6161-4065-a1ec-91cf77ce4359" mediaType="application/json" postQueryString="false"><con:settings><con:setting id="com.eviware.soapui.impl.wsdl.WsdlRequest@request-headers">&lt;xml-fragment/></con:setting></con:settings><con:endpoint>http://localhost:7800</con:endpoint><con:request>{}</con:request><con:originalUri>http://localhost/DataTypes</con:originalUri><con:credentials><con:authType>No Authorization</con:authType></con:credentials><con:jmsConfig JMSDeliveryMode="PERSISTENT"/><con:jmsPropertyConfig/><con:parameters/></con:request></con:method></con:resource><con:resource name="datatypesss" path="/datatypesss" id="641fb8a9-cdd0-44ca-b318-19cc8eb73016"><con:settings/><con:parameters/><con:method name="Method 1" id="a2114483-d1d8-45be-bf2f-b16386178c7f" method="POST"><con:settings/><con:parameters/><con:representation type="FAULT"><con:mediaType xsi:nil="true"/><con:status>405</con:status><con:params/><con:element>data</con:element></con:representation><con:representation type="FAULT"><con:mediaType xsi:nil="true"/><con:status>405</con:status><con:params/><con:element>data</con:element></con:representation><con:representation type="FAULT"><con:mediaType xsi:nil="true"/><con:status>405</con:status><con:params/><con:element>data</con:element></con:representation><con:representation type="FAULT"><con:mediaType xsi:nil="true"/><con:status>404</con:status><con:params/><con:element>data</con:element></con:representation><con:representation type="REQUEST"><con:mediaType>application/json</con:mediaType><con:params/></con:representation><con:representation type="FAULT"><con:mediaType xsi:nil="true"/><con:status>404</con:status><con:params/><con:element>data</con:element></con:representation><con:representation type="RESPONSE"><con:mediaType>application/json; charset=utf-8</con:mediaType><con:status>200</con:status><con:params/><con:element xmlns:dat="http://localhost/datatypesss">dat:Response</con:element></con:representation><con:representation type="RESPONSE"><con:mediaType xsi:nil="true"/><con:status>0</con:status><con:params/><con:element>data</con:element></con:representation><con:request name="Request 1" id="a4d1dab3-5d00-43b6-9138-386abd2744e5" mediaType="application/json" postQueryString="false"><con:settings><con:setting id="com.eviware.soapui.impl.wsdl.WsdlRequest@request-headers">&lt;xml-fragment/></con:setting></con:settings><con:endpoint>http://localhost:7800</con:endpoint><con:request/><con:originalUri>http://localhost/datatypesss</con:originalUri><con:credentials><con:authType>No Authorization</con:authType></con:credentials><con:jmsConfig JMSDeliveryMode="PERSISTENT"/><con:jmsPropertyConfig/><con:parameters/></con:request></con:method></con:resource><con:resource name="datatypes2" path="/datatypes2" id="0a4b9201-7a9d-4df2-85ca-e58f2ae6b857"><con:settings/><con:parameters/><con:method name="Method 1" id="7710e5ac-9641-49d3-8919-7c43629c7087" method="GET"><con:settings/><con:parameters/><con:representation type="FAULT"><con:mediaType xsi:nil="true"/><con:status>405</con:status><con:params/><con:element>data</con:element></con:representation><con:representation type="FAULT"><con:mediaType xsi:nil="true"/><con:status>405</con:status><con:params/><con:element>data</con:element></con:representation><con:representation type="FAULT"><con:mediaType xsi:nil="true"/><con:status>405</con:status><con:params/><con:element>data</con:element></con:representation><con:representation type="FAULT"><con:mediaType xsi:nil="true"/><con:status>405</con:status><con:params/><con:element>data</con:element></con:representation><con:representation type="FAULT"><con:mediaType xsi:nil="true"/><con:status>405</con:status><con:params/><con:element>data</con:element></con:representation><con:representation type="RESPONSE"><con:mediaType>application/json; charset=utf-8</con:mediaType><con:status>200</con:status><con:params/><con:element xmlns:dat="http://localhost/datatypes2">dat:Response</con:element></con:representation><con:request name="Request 1" id="77d3f24e-6135-4ff9-b7ff-aeb3b54cae49" mediaType="application/json"><con:settings><con:setting id="com.eviware.soapui.impl.wsdl.WsdlRequest@request-headers">&lt;xml-fragment/></con:setting></con:settings><con:endpoint>http://localhost:7800</con:endpoint><con:request/><con:originalUri>http://localhost/datatypes2</con:originalUri><con:credentials><con:authType>No Authorization</con:authType></con:credentials><con:jmsConfig JMSDeliveryMode="PERSISTENT"/><con:jmsPropertyConfig/><con:parameters/></con:request></con:method></con:resource><con:resource name="datatypes3" path="/datatypes3" id="c2b83b34-fe7f-406f-b381-59e9c79537c3"><con:settings/><con:parameters/><con:method name="Method 1" id="ead5f3ef-4edb-4c89-850a-8461a5ec5295" method="GET"><con:settings/><con:parameters/><con:representation type="FAULT"><con:mediaType xsi:nil="true"/><con:status>405</con:status><con:params/><con:element>data</con:element></con:representation><con:representation type="FAULT"><con:mediaType xsi:nil="true"/><con:status>405</con:status><con:params/><con:element>data</con:element></con:representation><con:representation type="FAULT"><con:mediaType xsi:nil="true"/><con:status>405</con:status><con:params/><con:element>data</con:element></con:representation><con:representation type="RESPONSE"><con:mediaType>text/xml; charset=utf-8</con:mediaType><con:status>200</con:status><con:params/><con:element>data</con:element></con:representation><con:representation type="REQUEST"><con:mediaType>application/json</con:mediaType><con:params/></con:representation><con:request name="Request 1" id="52583387-eab5-47c8-88ef-955d399cdbc3" mediaType="application/json" postQueryString="false"><con:settings><con:setting id="com.eviware.soapui.impl.wsdl.WsdlRequest@request-headers">&lt;xml-fragment/></con:setting></con:settings><con:endpoint>http://localhost:7800</con:endpoint><con:request/><con:originalUri>http://localhost/datatypes3</con:originalUri><con:credentials><con:authType>No Authorization</con:authType></con:credentials><con:jmsConfig JMSDeliveryMode="PERSISTENT"/><con:jmsPropertyConfig/><con:parameters/></con:request></con:method></con:resource><con:resource name="IntegrationNodeProperties" path="/IntegrationNodeProperties" id="5de691a0-59c4-4ca2-8b55-15f262531cb6"><con:settings/><con:parameters/><con:method name="Method 1" id="4b3a8a23-7802-42c0-b0a6-a756ce63617e" method="GET"><con:settings/><con:parameters/><con:representation type="RESPONSE"><con:mediaType>application/json; charset=utf-8</con:mediaType><con:status>200</con:status><con:params/><con:element xmlns:int="http://localhost/IntegrationNodeProperties">int:Response</con:element></con:representation><con:request name="Request 1" id="ffb127f2-7784-42c9-8577-1dc7e37e69e1" mediaType="application/json"><con:settings><con:setting id="com.eviware.soapui.impl.wsdl.WsdlRequest@request-headers">&lt;xml-fragment/></con:setting></con:settings><con:endpoint>http://localhost:7800</con:endpoint><con:request/><con:originalUri>http://localhost/IntegrationNodeProperties</con:originalUri><con:credentials><con:authType>No Authorization</con:authType></con:credentials><con:jmsConfig JMSDeliveryMode="PERSISTENT"/><con:jmsPropertyConfig/><con:parameters/></con:request></con:method></con:resource><con:resource name="nodeprt2" path="/nodeprt2" id="21cb9764-51f0-4db1-a4bd-7a83f42979bc"><con:settings/><con:parameters/><con:method name="Method 1" id="c3b5ea62-154f-43d8-9dc6-5aa8163d11aa" method="GET"><con:settings/><con:parameters/><con:representation type="FAULT"><con:mediaType xsi:nil="true"/><con:status>405</con:status><con:params/><con:element>data</con:element></con:representation><con:representation type="RESPONSE"><con:mediaType>application/json; charset=utf-8</con:mediaType><con:status>200</con:status><con:params/><con:element xmlns:nod="http://localhost/nodeprt2">nod:Response</con:element></con:representation><con:request name="Request 1" id="2d03e8a6-45da-4eaf-98dd-894b6539a737" mediaType="application/json"><con:settings><con:setting id="com.eviware.soapui.impl.wsdl.WsdlRequest@request-headers">&lt;xml-fragment/></con:setting></con:settings><con:endpoint>http://localhost:7800</con:endpoint><con:request/><con:originalUri>http://localhost/nodeprt2</con:originalUri><con:credentials><con:authType>No Authorization</con:authType></con:credentials><con:jmsConfig JMSDeliveryMode="PERSISTENT"/><con:jmsPropertyConfig/><con:parameters/></con:request></con:method></con:resource><con:resource name="prpt33" path="/prpt33" id="6f3e36e6-c357-4a5f-a007-b13505b2492e"><con:settings/><con:parameters/><con:method name="Method 1" id="b46763d6-f6b5-4b98-b500-dedcc5e0cd9f" method="GET"><con:settings/><con:parameters/><con:representation type="FAULT"><con:mediaType xsi:nil="true"/><con:status>405</con:status><con:params/><con:element>data</con:element></con:representation><con:representation type="RESPONSE"><con:mediaType>text/xml; charset=utf-8</con:mediaType><con:status>200</con:status><con:params/><con:element>Nodeproperties</con:element></con:representation><con:request name="Request 1" id="837d6efd-1104-426e-83fb-d01f264f94d6" mediaType="application/json"><con:settings><con:setting id="com.eviware.soapui.impl.wsdl.WsdlRequest@request-headers">&lt;xml-fragment/></con:setting></con:settings><con:endpoint>http://localhost:7800</con:endpoint><con:request/><con:originalUri>http://localhost/prpt33</con:originalUri><con:credentials><con:authType>No Authorization</con:authType></con:credentials><con:jmsConfig JMSDeliveryMode="PERSISTENT"/><con:jmsPropertyConfig/><con:parameters/></con:request></con:method></con:resource><con:resource name="nodeprpt44" path="/nodeprpt44" id="fa61a6fd-40bb-40ed-96a7-9783e3b5242b"><con:settings/><con:parameters/><con:method name="Method 1" id="4baf3fe2-afc1-49eb-a138-c68a5a119b02" method="GET"><con:settings/><con:parameters/><con:representation type="RESPONSE"><con:mediaType>text/xml; charset=utf-8</con:mediaType><con:status>200</con:status><con:params/><con:element>NodeProperties</con:element></con:representation><con:representation type="RESPONSE"><con:mediaType xsi:nil="true"/><con:status>0</con:status><con:params/><con:element>data</con:element></con:representation><con:request name="Request 1" id="3d074be1-b9f3-4e0c-aba8-33f68a8e6225" mediaType="application/json"><con:settings><con:setting id="com.eviware.soapui.impl.wsdl.WsdlRequest@request-headers">&lt;xml-fragment/></con:setting></con:settings><con:endpoint>http://localhost:7800</con:endpoint><con:request/><con:originalUri>http://localhost/nodeprpt44</con:originalUri><con:credentials><con:authType>No Authorization</con:authType></con:credentials><con:jmsConfig JMSDeliveryMode="PERSISTENT"/><con:jmsPropertyConfig/><con:parameters/></con:request></con:method></con:resource><con:resource name="Operators" path="/Operators" id="68e09b40-50a9-4fbd-b3c6-207c5be9c5c9"><con:settings/><con:parameters/><con:method name="Method 1" id="e960d8ef-dda5-41b1-932c-d5567b881a2c" method="POST"><con:settings/><con:parameters/><con:representation type="REQUEST"><con:mediaType>application/json</con:mediaType><con:params/></con:representation><con:representation type="RESPONSE"><con:mediaType>application/json; charset=utf-8</con:mediaType><con:status>200</con:status><con:params/><con:element xmlns:oper="http://localhost/Operators">oper:Response</con:element></con:representation><con:request name="Request 1" id="ae158c27-8ed0-4525-82d4-191facdbd9f9" mediaType="application/json" postQueryString="false"><con:settings><con:setting id="com.eviware.soapui.impl.wsdl.WsdlRequest@request-headers">&lt;xml-fragment/></con:setting></con:settings><con:endpoint>http://localhost:7800</con:endpoint><con:request>{
	"Request":{
		"Number":20
	}
}
</con:request><con:originalUri>http://localhost/Operators</con:originalUri><con:credentials><con:authType>No Authorization</con:authType></con:credentials><con:jmsConfig JMSDeliveryMode="PERSISTENT"/><con:jmsPropertyConfig/><con:parameters/></con:request></con:method></con:resource><con:resource name="operatorss" path="/operatorss" id="3665b7d4-0387-472f-8a75-0f0482967b0b"><con:settings/><con:parameters/><con:method name="Method 1" id="63b95ebc-f5b0-4da6-971d-40307a93f6c3" method="POST"><con:settings/><con:parameters/><con:representation type="REQUEST"><con:mediaType>application/json</con:mediaType><con:params/></con:representation><con:representation type="FAULT"><con:mediaType xsi:nil="true"/><con:status>404</con:status><con:params/><con:element>data</con:element></con:representation><con:representation type="RESPONSE"><con:mediaType>text/xml; charset=utf-8</con:mediaType><con:status>200</con:status><con:params/><con:element>data</con:element></con:representation><con:representation type="RESPONSE"><con:mediaType>application/json; charset=utf-8</con:mediaType><con:status>200</con:status><con:params/><con:element xmlns:oper="http://localhost/operatorss">oper:Response</con:element></con:representation><con:request name="Request 1" id="eeea0902-e75f-4d5a-8e28-9c14b6fe799e" mediaType="application/json" postQueryString="false"><con:settings><con:setting id="com.eviware.soapui.impl.wsdl.WsdlRequest@request-headers">&lt;xml-fragment/></con:setting></con:settings><con:endpoint>http://localhost:7800</con:endpoint><con:request>{
	"Request":{
		"Number":78
	}
}
</con:request><con:originalUri>http://localhost/operatorss</con:originalUri><con:credentials><con:authType>No Authorization</con:authType></con:credentials><con:jmsConfig JMSDeliveryMode="PERSISTENT"/><con:jmsPropertyConfig/><con:parameters/></con:request></con:method></con:resource><con:resource name="operatorthree" path="/operatorthree" id="cdb4bc21-d20a-4e15-9813-1ee8a7b4f919"><con:settings/><con:parameters/><con:method name="Method 1" id="6774bbbb-d1a9-4b25-aa5a-8968b192c5a5" method="POST"><con:settings/><con:parameters/><con:representation type="REQUEST"><con:mediaType>application/json</con:mediaType><con:params/></con:representation><con:representation type="RESPONSE"><con:mediaType>text/xml; charset=utf-8</con:mediaType><con:status>200</con:status><con:params/><con:element>data</con:element></con:representation><con:representation type="REQUEST"><con:mediaType>application/xml</con:mediaType><con:params/><con:element>request</con:element></con:representation><con:request name="Request 1" id="b744ce1b-d333-4729-9a4a-73249471cacd" mediaType="application/xml" postQueryString="false"><con:settings><con:setting id="com.eviware.soapui.impl.wsdl.WsdlRequest@request-headers">&lt;xml-fragment/></con:setting></con:settings><con:endpoint>http://localhost:7800</con:endpoint><con:request>&lt;request>
&lt;number>8&lt;/number>
&lt;/request></con:request><con:originalUri>http://localhost/operatorthree</con:originalUri><con:credentials><con:authType>No Authorization</con:authType></con:credentials><con:jmsConfig JMSDeliveryMode="PERSISTENT"/><con:jmsPropertyConfig/><con:parameters/></con:request></con:method></con:resource><con:resource name="opefour" path="/opefour" id="18421262-a3de-4150-bb28-05854f63e7f3"><con:settings/><con:parameters/><con:method name="Method 1" id="10f6401e-9dbb-4ede-a855-aea87124c08d" method="POST"><con:settings/><con:parameters/><con:representation type="FAULT"><con:mediaType xsi:nil="true"/><con:status>404</con:status><con:params/><con:element>data</con:element></con:representation><con:representation type="REQUEST"><con:mediaType>application/json</con:mediaType><con:params/></con:representation><con:representation type="RESPONSE"><con:mediaType>text/xml; charset=utf-8</con:mediaType><con:status>200</con:status><con:params/><con:element>data</con:element></con:representation><con:representation type="RESPONSE"><con:mediaType>application/json; charset=utf-8</con:mediaType><con:status>200</con:status><con:params/><con:element xmlns:opef="http://localhost/opefour">opef:Response</con:element></con:representation><con:request name="Request 1" id="e427ded6-116f-406f-8d65-ee7b3fdc2a0c" mediaType="application/json" postQueryString="false"><con:settings><con:setting id="com.eviware.soapui.impl.wsdl.WsdlRequest@request-headers">&lt;xml-fragment/></con:setting></con:settings><con:endpoint>http://localhost:7800</con:endpoint><con:request>{
	"Request":{
		"Number":"20"
	}
}
</con:request><con:originalUri>http://localhost/opefour</con:originalUri><con:credentials><con:authType>No Authorization</con:authType></con:credentials><con:jmsConfig JMSDeliveryMode="PERSISTENT"/><con:jmsPropertyConfig/><con:parameters/></con:request></con:method></con:resource><con:resource name="Operators2" path="/Operators2" id="aa0582bb-bb9a-4d35-80ea-f312d1b7692c"><con:settings/><con:parameters/><con:method name="Method 1" id="0f3b5561-e3fc-47a6-a67b-337fbc568496" method="POST"><con:settings/><con:parameters/><con:representation type="RESPONSE"><con:mediaType>application/json; charset=utf-8</con:mediaType><con:status>200</con:status><con:params/><con:element xmlns:oper="http://localhost/Operators2">oper:Response</con:element></con:representation><con:representation type="REQUEST"><con:mediaType>application/json</con:mediaType><con:params/></con:representation><con:representation type="RESPONSE"><con:mediaType>text/xml; charset=utf-8</con:mediaType><con:status>200</con:status><con:params/><con:element>data</con:element></con:representation><con:request name="Request 1" id="176e96fa-b7c1-4ed3-91c3-9af191d6d35f" mediaType="application/json" postQueryString="false"><con:settings><con:setting id="com.eviware.soapui.impl.wsdl.WsdlRequest@request-headers">&lt;xml-fragment/></con:setting></con:settings><con:endpoint>http://localhost:7800</con:endpoint><con:request>{
	"Request": {
		"input1": 9,
		"name": "Varesh"
	}
}</con:request><con:originalUri>http://localhost/Operators2</con:originalUri><con:credentials><con:authType>No Authorization</con:authType></con:credentials><con:jmsConfig JMSDeliveryMode="PERSISTENT"/><con:jmsPropertyConfig/><con:parameters/></con:request></con:method></con:resource></con:interface><con:properties/><con:wssContainer/><con:oAuth2ProfileContainer/><con:oAuth1ProfileContainer/><con:sensitiveInformation/></con:soapui-project>